FeatureCode,Start Date ,End Date,Equity Loans,Loan category
E06000021,01 April 2013,30 September 2019,898,Equity Loans to First Time Buyers
E06000021,01 April 2013,30 September 2019,1072,Total Equity Loans
E07000198,01 April 2013,30 September 2019,81,Equity Loans to First Time Buyers
E07000198,01 April 2013,30 September 2019,104,Total Equity Loans
E07000193,01 April 2013,30 September 2019,708,Equity Loans to First Time Buyers
E07000193,01 April 2013,30 September 2019,975,Total Equity Loans
E07000197,01 April 2013,30 September 2019,687,Equity Loans to First Time Buyers
E07000197,01 April 2013,30 September 2019,987,Total Equity Loans
E07000035,01 April 2013,30 September 2019,119,Equity Loans to First Time Buyers
E07000035,01 April 2013,30 September 2019,179,Total Equity Loans
E07000196,01 April 2013,30 September 2019,125,Equity Loans to First Time Buyers
E07000196,01 April 2013,30 September 2019,195,Total Equity Loans
E06000051,01 April 2013,30 September 2019,1235,Equity Loans to First Time Buyers
E06000051,01 April 2013,30 September 2019,1681,Total Equity Loans
E07000195,01 April 2013,30 September 2019,289,Equity Loans to First Time Buyers
E07000195,01 April 2013,30 September 2019,346,Total Equity Loans
E06000049,01 April 2013,30 September 2019,1922,Equity Loans to First Time Buyers
E06000049,01 April 2013,30 September 2019,2579,Total Equity Loans
E09000021,01 April 2013,30 September 2019,313,Equity Loans to First Time Buyers
E09000021,01 April 2013,30 September 2019,324,Total Equity Loans
E09000027,01 April 2013,30 September 2019,183,Equity Loans to First Time Buyers
E09000027,01 April 2013,30 September 2019,193,Total Equity Loans
E07000207,01 April 2013,30 September 2019,93,Equity Loans to First Time Buyers
E07000207,01 April 2013,30 September 2019,104,Total Equity Loans
E07000209,01 April 2013,30 September 2019,107,Equity Loans to First Time Buyers
E07000209,01 April 2013,30 September 2019,134,Total Equity Loans
E07000210,01 April 2013,30 September 2019,121,Equity Loans to First Time Buyers
E07000210,01 April 2013,30 September 2019,138,Total Equity Loans
E07000213,01 April 2013,30 September 2019,215,Equity Loans to First Time Buyers
E07000213,01 April 2013,30 September 2019,240,Total Equity Loans
E07000212,01 April 2013,30 September 2019,286,Equity Loans to First Time Buyers
E07000212,01 April 2013,30 September 2019,322,Total Equity Loans
E07000217,01 April 2013,30 September 2019,367,Equity Loans to First Time Buyers
E07000217,01 April 2013,30 September 2019,412,Total Equity Loans
E07000208,01 April 2013,30 September 2019,179,Equity Loans to First Time Buyers
E07000208,01 April 2013,30 September 2019,210,Total Equity Loans
E09000029,01 April 2013,30 September 2019,615,Equity Loans to First Time Buyers
E09000029,01 April 2013,30 September 2019,656,Total Equity Loans
E07000211,01 April 2013,30 September 2019,604,Equity Loans to First Time Buyers
E07000211,01 April 2013,30 September 2019,744,Total Equity Loans
E09000024,01 April 2013,30 September 2019,371,Equity Loans to First Time Buyers
E09000024,01 April 2013,30 September 2019,382,Total Equity Loans
E06000016,01 April 2013,30 September 2019,738,Equity Loans to First Time Buyers
E06000016,01 April 2013,30 September 2019,850,Total Equity Loans
E07000129,01 April 2013,30 September 2019,692,Equity Loans to First Time Buyers
E07000129,01 April 2013,30 September 2019,1053,Total Equity Loans
E07000132,01 April 2013,30 September 2019,567,Equity Loans to First Time Buyers
E07000132,01 April 2013,30 September 2019,841,Total Equity Loans
E07000220,01 April 2013,30 September 2019,777,Equity Loans to First Time Buyers
E07000220,01 April 2013,30 September 2019,1083,Total Equity Loans
E07000130,01 April 2013,30 September 2019,1084,Equity Loans to First Time Buyers
E07000130,01 April 2013,30 September 2019,1620,Total Equity Loans
E07000134,01 April 2013,30 September 2019,912,Equity Loans to First Time Buyers
E07000134,01 April 2013,30 September 2019,1405,Total Equity Loans
E07000176,01 April 2013,30 September 2019,468,Equity Loans to First Time Buyers
E07000176,01 April 2013,30 September 2019,706,Total Equity Loans
E07000133,01 April 2013,30 September 2019,104,Equity Loans to First Time Buyers
E07000133,01 April 2013,30 September 2019,137,Total Equity Loans
E07000131,01 April 2013,30 September 2019,570,Equity Loans to First Time Buyers
E07000131,01 April 2013,30 September 2019,857,Total Equity Loans
E06000017,01 April 2013,30 September 2019,243,Equity Loans to First Time Buyers
E06000017,01 April 2013,30 September 2019,309,Total Equity Loans
E07000152,01 April 2013,30 September 2019,689,Equity Loans to First Time Buyers
E07000152,01 April 2013,30 September 2019,925,Total Equity Loans
E07000153,01 April 2013,30 September 2019,558,Equity Loans to First Time Buyers
E07000153,01 April 2013,30 September 2019,851,Total Equity Loans
E07000150,01 April 2013,30 September 2019,1021,Equity Loans to First Time Buyers
E07000150,01 April 2013,30 September 2019,1286,Total Equity Loans
E07000151,01 April 2013,30 September 2019,651,Equity Loans to First Time Buyers
E07000151,01 April 2013,30 September 2019,1033,Total Equity Loans
E07000135,01 April 2013,30 September 2019,125,Equity Loans to First Time Buyers
E07000135,01 April 2013,30 September 2019,157,Total Equity Loans
E07000039,01 April 2013,30 September 2019,1227,Equity Loans to First Time Buyers
E07000039,01 April 2013,30 September 2019,1652,Total Equity Loans
E09000005,01 April 2013,30 September 2019,486,Equity Loans to First Time Buyers
E09000005,01 April 2013,30 September 2019,507,Total Equity Loans
E09000009,01 April 2013,30 September 2019,850,Equity Loans to First Time Buyers
E09000009,01 April 2013,30 September 2019,879,Total Equity Loans
E09000015,01 April 2013,30 September 2019,871,Equity Loans to First Time Buyers
E09000015,01 April 2013,30 September 2019,906,Total Equity Loans
E09000017,01 April 2013,30 September 2019,1012,Equity Loans to First Time Buyers
E09000017,01 April 2013,30 September 2019,1074,Total Equity Loans
E07000102,01 April 2013,30 September 2019,153,Equity Loans to First Time Buyers
E07000102,01 April 2013,30 September 2019,189,Total Equity Loans
E07000098,01 April 2013,30 September 2019,392,Equity Loans to First Time Buyers
E07000098,01 April 2013,30 September 2019,425,Total Equity Loans
E09000003,01 April 2013,30 September 2019,1649,Equity Loans to First Time Buyers
E09000003,01 April 2013,30 September 2019,1691,Total Equity Loans
E06000022,01 April 2013,30 September 2019,644,Equity Loans to First Time Buyers
E06000022,01 April 2013,30 September 2019,819,Total Equity Loans
E06000054,01 April 2013,30 September 2019,2794,Equity Loans to First Time Buyers
E06000054,01 April 2013,30 September 2019,3543,Total Equity Loans
E06000025,01 April 2013,30 September 2019,1822,Equity Loans to First Time Buyers
E06000025,01 April 2013,30 September 2019,2203,Total Equity Loans
E07000189,01 April 2013,30 September 2019,630,Equity Loans to First Time Buyers
E07000189,01 April 2013,30 September 2019,776,Total Equity Loans
E07000187,01 April 2013,30 September 2019,469,Equity Loans to First Time Buyers
E07000187,01 April 2013,30 September 2019,605,Total Equity Loans
E07000188,01 April 2013,30 September 2019,714,Equity Loans to First Time Buyers
E07000188,01 April 2013,30 September 2019,876,Total Equity Loans
E09000019,01 April 2013,30 September 2019,116,Equity Loans to First Time Buyers
E09000019,01 April 2013,30 September 2019,118,Total Equity Loans
E09000007,01 April 2013,30 September 2019,97,Equity Loans to First Time Buyers
E09000007,01 April 2013,30 September 2019,100,Total Equity Loans
E09000012,01 April 2013,30 September 2019,403,Equity Loans to First Time Buyers
E09000012,01 April 2013,30 September 2019,489,Total Equity Loans
E09000014,01 April 2013,30 September 2019,175,Equity Loans to First Time Buyers
E09000014,01 April 2013,30 September 2019,180,Total Equity Loans
E09000010,01 April 2013,30 September 2019,375,Equity Loans to First Time Buyers
E09000010,01 April 2013,30 September 2019,393,Total Equity Loans
E09000031,01 April 2013,30 September 2019,779,Equity Loans to First Time Buyers
E09000031,01 April 2013,30 September 2019,807,Total Equity Loans
E09000025,01 April 2013,30 September 2019,832,Equity Loans to First Time Buyers
E09000025,01 April 2013,30 September 2019,859,Total Equity Loans
E06000057,01 April 2013,30 September 2019,1454,Equity Loans to First Time Buyers
E06000057,01 April 2013,30 September 2019,1814,Total Equity Loans
E07000028,01 April 2013,30 September 2019,453,Equity Loans to First Time Buyers
E07000028,01 April 2013,30 September 2019,574,Total Equity Loans
E07000240,01 April 2013,30 September 2019,164,Equity Loans to First Time Buyers
E07000240,01 April 2013,30 September 2019,188,Total Equity Loans
E07000241,01 April 2013,30 September 2019,315,Equity Loans to First Time Buyers
E07000241,01 April 2013,30 September 2019,365,Total Equity Loans
E07000096,01 April 2013,30 September 2019,608,Equity Loans to First Time Buyers
E07000096,01 April 2013,30 September 2019,711,Total Equity Loans
E06000056,01 April 2013,30 September 2019,2643,Equity Loans to First Time Buyers
E06000056,01 April 2013,30 September 2019,3542,Total Equity Loans
E07000099,01 April 2013,30 September 2019,227,Equity Loans to First Time Buyers
E07000099,01 April 2013,30 September 2019,295,Total Equity Loans
E07000242,01 April 2013,30 September 2019,485,Equity Loans to First Time Buyers
E07000242,01 April 2013,30 September 2019,665,Total Equity Loans
E08000025,01 April 2013,30 September 2019,1835,Equity Loans to First Time Buyers
E08000025,01 April 2013,30 September 2019,2113,Total Equity Loans
E08000029,01 April 2013,30 September 2019,749,Equity Loans to First Time Buyers
E08000029,01 April 2013,30 September 2019,905,Total Equity Loans
E07000234,01 April 2013,30 September 2019,271,Equity Loans to First Time Buyers
E07000234,01 April 2013,30 September 2019,425,Total Equity Loans
E08000028,01 April 2013,30 September 2019,1145,Equity Loans to First Time Buyers
E08000028,01 April 2013,30 September 2019,1303,Total Equity Loans
E08000030,01 April 2013,30 September 2019,987,Equity Loans to First Time Buyers
E08000030,01 April 2013,30 September 2019,1098,Total Equity Loans
E07000218,01 April 2013,30 September 2019,148,Equity Loans to First Time Buyers
E07000218,01 April 2013,30 September 2019,225,Total Equity Loans
E07000221,01 April 2013,30 September 2019,769,Equity Loans to First Time Buyers
E07000221,01 April 2013,30 September 2019,1115,Total Equity Loans
E07000238,01 April 2013,30 September 2019,777,Equity Loans to First Time Buyers
E07000238,01 April 2013,30 September 2019,1141,Total Equity Loans
E08000027,01 April 2013,30 September 2019,767,Equity Loans to First Time Buyers
E08000027,01 April 2013,30 September 2019,925,Total Equity Loans
E07000194,01 April 2013,30 September 2019,600,Equity Loans to First Time Buyers
E07000194,01 April 2013,30 September 2019,755,Total Equity Loans
E07000199,01 April 2013,30 September 2019,256,Equity Loans to First Time Buyers
E07000199,01 April 2013,30 September 2019,361,Total Equity Loans
E07000236,01 April 2013,30 September 2019,343,Equity Loans to First Time Buyers
E07000236,01 April 2013,30 September 2019,487,Total Equity Loans
E07000222,01 April 2013,30 September 2019,600,Equity Loans to First Time Buyers
E07000222,01 April 2013,30 September 2019,793,Total Equity Loans
E06000008,01 April 2013,30 September 2019,307,Equity Loans to First Time Buyers
E06000008,01 April 2013,30 September 2019,361,Total Equity Loans
E07000120,01 April 2013,30 September 2019,230,Equity Loans to First Time Buyers
E07000120,01 April 2013,30 September 2019,255,Total Equity Loans
E07000125,01 April 2013,30 September 2019,186,Equity Loans to First Time Buyers
E07000125,01 April 2013,30 September 2019,246,Total Equity Loans
E07000124,01 April 2013,30 September 2019,269,Equity Loans to First Time Buyers
E07000124,01 April 2013,30 September 2019,384,Total Equity Loans
E07000117,01 April 2013,30 September 2019,391,Equity Loans to First Time Buyers
E07000117,01 April 2013,30 September 2019,447,Total Equity Loans
E07000122,01 April 2013,30 September 2019,108,Equity Loans to First Time Buyers
E07000122,01 April 2013,30 September 2019,143,Total Equity Loans
E07000163,01 April 2013,30 September 2019,54,Equity Loans to First Time Buyers
E07000163,01 April 2013,30 September 2019,76,Total Equity Loans
E07000118,01 April 2013,30 September 2019,875,Equity Loans to First Time Buyers
E07000118,01 April 2013,30 September 2019,1234,Total Equity Loans
E07000126,01 April 2013,30 September 2019,579,Equity Loans to First Time Buyers
E07000126,01 April 2013,30 September 2019,726,Total Equity Loans
E08000032,01 April 2013,30 September 2019,1604,Equity Loans to First Time Buyers
E08000032,01 April 2013,30 September 2019,1815,Total Equity Loans
E08000035,01 April 2013,30 September 2019,2507,Equity Loans to First Time Buyers
E08000035,01 April 2013,30 September 2019,3077,Total Equity Loans
E08000034,01 April 2013,30 September 2019,582,Equity Loans to First Time Buyers
E08000034,01 April 2013,30 September 2019,785,Total Equity Loans
E08000033,01 April 2013,30 September 2019,207,Equity Loans to First Time Buyers
E08000033,01 April 2013,30 September 2019,284,Total Equity Loans
E07000165,01 April 2013,30 September 2019,195,Equity Loans to First Time Buyers
E07000165,01 April 2013,30 September 2019,277,Total Equity Loans
E07000091,01 April 2013,30 September 2019,90,Equity Loans to First Time Buyers
E07000091,01 April 2013,30 September 2019,108,Total Equity Loans
E08000002,01 April 2013,30 September 2019,460,Equity Loans to First Time Buyers
E08000002,01 April 2013,30 September 2019,534,Total Equity Loans
E08000001,01 April 2013,30 September 2019,593,Equity Loans to First Time Buyers
E08000001,01 April 2013,30 September 2019,691,Total Equity Loans
E08000006,01 April 2013,30 September 2019,1206,Equity Loans to First Time Buyers
E08000006,01 April 2013,30 September 2019,1384,Total Equity Loans
E08000005,01 April 2013,30 September 2019,1105,Equity Loans to First Time Buyers
E08000005,01 April 2013,30 September 2019,1304,Total Equity Loans
E06000043,01 April 2013,30 September 2019,38,Equity Loans to First Time Buyers
E06000043,01 April 2013,30 September 2019,49,Total Equity Loans
E07000228,01 April 2013,30 September 2019,881,Equity Loans to First Time Buyers
E07000228,01 April 2013,30 September 2019,1229,Total Equity Loans
E07000063,01 April 2013,30 September 2019,74,Equity Loans to First Time Buyers
E07000063,01 April 2013,30 September 2019,121,Total Equity Loans
E07000229,01 April 2013,30 September 2019,465,Equity Loans to First Time Buyers
E07000229,01 April 2013,30 September 2019,615,Total Equity Loans
E07000227,01 April 2013,30 September 2019,1008,Equity Loans to First Time Buyers
E07000227,01 April 2013,30 September 2019,1408,Total Equity Loans
E07000224,01 April 2013,30 September 2019,782,Equity Loans to First Time Buyers
E07000224,01 April 2013,30 September 2019,1051,Total Equity Loans
E07000223,01 April 2013,30 September 2019,85,Equity Loans to First Time Buyers
E07000223,01 April 2013,30 September 2019,101,Total Equity Loans
E07000225,01 April 2013,30 September 2019,254,Equity Loans to First Time Buyers
E07000225,01 April 2013,30 September 2019,333,Total Equity Loans
E07000065,01 April 2013,30 September 2019,550,Equity Loans to First Time Buyers
E07000065,01 April 2013,30 September 2019,712,Total Equity Loans
E07000061,01 April 2013,30 September 2019,23,Equity Loans to First Time Buyers
E07000061,01 April 2013,30 September 2019,27,Total Equity Loans
E07000064,01 April 2013,30 September 2019,108,Equity Loans to First Time Buyers
E07000064,01 April 2013,30 September 2019,144,Total Equity Loans
E09000006,01 April 2013,30 September 2019,842,Equity Loans to First Time Buyers
E09000006,01 April 2013,30 September 2019,888,Total Equity Loans
E09000023,01 April 2013,30 September 2019,1070,Equity Loans to First Time Buyers
E09000023,01 April 2013,30 September 2019,1114,Total Equity Loans
E09000022,01 April 2013,30 September 2019,514,Equity Loans to First Time Buyers
E09000022,01 April 2013,30 September 2019,540,Total Equity Loans
E09000008,01 April 2013,30 September 2019,1268,Equity Loans to First Time Buyers
E09000008,01 April 2013,30 September 2019,1339,Total Equity Loans
E07000111,01 April 2013,30 September 2019,242,Equity Loans to First Time Buyers
E07000111,01 April 2013,30 September 2019,274,Total Equity Loans
E09000011,01 April 2013,30 September 2019,1276,Equity Loans to First Time Buyers
E09000011,01 April 2013,30 September 2019,1354,Total Equity Loans
E07000107,01 April 2013,30 September 2019,1612,Equity Loans to First Time Buyers
E07000107,01 April 2013,30 September 2019,1832,Total Equity Loans
E06000024,01 April 2013,30 September 2019,989,Equity Loans to First Time Buyers
E06000024,01 April 2013,30 September 2019,1185,Total Equity Loans
E07000030,01 April 2013,30 September 2019,131,Equity Loans to First Time Buyers
E07000030,01 April 2013,30 September 2019,162,Total Equity Loans
E07000026,01 April 2013,30 September 2019,271,Equity Loans to First Time Buyers
E07000026,01 April 2013,30 September 2019,349,Total Equity Loans
E07000029,01 April 2013,30 September 2019,94,Equity Loans to First Time Buyers
E07000029,01 April 2013,30 September 2019,112,Total Equity Loans
E07000008,01 April 2013,30 September 2019,274,Equity Loans to First Time Buyers
E07000008,01 April 2013,30 September 2019,315,Total Equity Loans
E07000012,01 April 2013,30 September 2019,727,Equity Loans to First Time Buyers
E07000012,01 April 2013,30 September 2019,932,Total Equity Loans
E06000031,01 April 2013,30 September 2019,1903,Equity Loans to First Time Buyers
E06000031,01 April 2013,30 September 2019,2315,Total Equity Loans
E07000077,01 April 2013,30 September 2019,439,Equity Loans to First Time Buyers
E07000077,01 April 2013,30 September 2019,652,Total Equity Loans
E07000009,01 April 2013,30 September 2019,213,Equity Loans to First Time Buyers
E07000009,01 April 2013,30 September 2019,265,Total Equity Loans
E07000011,01 April 2013,30 September 2019,808,Equity Loans to First Time Buyers
E07000011,01 April 2013,30 September 2019,1062,Total Equity Loans
E07000146,01 April 2013,30 September 2019,391,Equity Loans to First Time Buyers
E07000146,01 April 2013,30 September 2019,450,Total Equity Loans
E07000010,01 April 2013,30 September 2019,283,Equity Loans to First Time Buyers
E07000010,01 April 2013,30 September 2019,350,Total Equity Loans
E07000067,01 April 2013,30 September 2019,552,Equity Loans to First Time Buyers
E07000067,01 April 2013,30 September 2019,678,Total Equity Loans
E06000050,01 April 2013,30 September 2019,1887,Equity Loans to First Time Buyers
E06000050,01 April 2013,30 September 2019,2406,Total Equity Loans
E08000015,01 April 2013,30 September 2019,578,Equity Loans to First Time Buyers
E08000015,01 April 2013,30 September 2019,702,Total Equity Loans
E07000074,01 April 2013,30 September 2019,167,Equity Loans to First Time Buyers
E07000074,01 April 2013,30 September 2019,228,Total Equity Loans
E07000070,01 April 2013,30 September 2019,720,Equity Loans to First Time Buyers
E07000070,01 April 2013,30 September 2019,930,Total Equity Loans
E07000072,01 April 2013,30 September 2019,147,Equity Loans to First Time Buyers
E07000072,01 April 2013,30 September 2019,178,Total Equity Loans
E07000066,01 April 2013,30 September 2019,600,Equity Loans to First Time Buyers
E07000066,01 April 2013,30 September 2019,738,Total Equity Loans
E07000068,01 April 2013,30 September 2019,266,Equity Loans to First Time Buyers
E07000068,01 April 2013,30 September 2019,298,Total Equity Loans
E06000034,01 April 2013,30 September 2019,1299,Equity Loans to First Time Buyers
E06000034,01 April 2013,30 September 2019,1499,Total Equity Loans
E09000016,01 April 2013,30 September 2019,953,Equity Loans to First Time Buyers
E09000016,01 April 2013,30 September 2019,998,Total Equity Loans
E07000073,01 April 2013,30 September 2019,507,Equity Loans to First Time Buyers
E07000073,01 April 2013,30 September 2019,640,Total Equity Loans
E07000071,01 April 2013,30 September 2019,1662,Equity Loans to First Time Buyers
E07000071,01 April 2013,30 September 2019,2045,Total Equity Loans
E07000076,01 April 2013,30 September 2019,326,Equity Loans to First Time Buyers
E07000076,01 April 2013,30 September 2019,413,Total Equity Loans
E07000200,01 April 2013,30 September 2019,191,Equity Loans to First Time Buyers
E07000200,01 April 2013,30 September 2019,265,Total Equity Loans
E07000215,01 April 2013,30 September 2019,156,Equity Loans to First Time Buyers
E07000215,01 April 2013,30 September 2019,188,Total Equity Loans
E07000106,01 April 2013,30 September 2019,192,Equity Loans to First Time Buyers
E07000106,01 April 2013,30 September 2019,244,Total Equity Loans
E07000114,01 April 2013,30 September 2019,135,Equity Loans to First Time Buyers
E07000114,01 April 2013,30 September 2019,167,Total Equity Loans
E07000108,01 April 2013,30 September 2019,477,Equity Loans to First Time Buyers
E07000108,01 April 2013,30 September 2019,578,Total Equity Loans
E07000113,01 April 2013,30 September 2019,768,Equity Loans to First Time Buyers
E07000113,01 April 2013,30 September 2019,1032,Total Equity Loans
E07000105,01 April 2013,30 September 2019,692,Equity Loans to First Time Buyers
E07000105,01 April 2013,30 September 2019,896,Total Equity Loans
E08000026,01 April 2013,30 September 2019,1542,Equity Loans to First Time Buyers
E08000026,01 April 2013,30 September 2019,1773,Total Equity Loans
E07000219,01 April 2013,30 September 2019,732,Equity Loans to First Time Buyers
E07000219,01 April 2013,30 September 2019,1005,Total Equity Loans
E09000004,01 April 2013,30 September 2019,660,Equity Loans to First Time Buyers
E09000004,01 April 2013,30 September 2019,689,Total Equity Loans
E07000109,01 April 2013,30 September 2019,248,Equity Loans to First Time Buyers
E07000109,01 April 2013,30 September 2019,273,Total Equity Loans
E07000115,01 April 2013,30 September 2019,717,Equity Loans to First Time Buyers
E07000115,01 April 2013,30 September 2019,966,Total Equity Loans
E06000015,01 April 2013,30 September 2019,802,Equity Loans to First Time Buyers
E06000015,01 April 2013,30 September 2019,1000,Total Equity Loans
E07000033,01 April 2013,30 September 2019,474,Equity Loans to First Time Buyers
E07000033,01 April 2013,30 September 2019,599,Total Equity Loans
E07000036,01 April 2013,30 September 2019,153,Equity Loans to First Time Buyers
E07000036,01 April 2013,30 September 2019,191,Total Equity Loans
E07000032,01 April 2013,30 September 2019,447,Equity Loans to First Time Buyers
E07000032,01 April 2013,30 September 2019,631,Total Equity Loans
E07000038,01 April 2013,30 September 2019,293,Equity Loans to First Time Buyers
E07000038,01 April 2013,30 September 2019,374,Total Equity Loans
E07000170,01 April 2013,30 September 2019,802,Equity Loans to First Time Buyers
E07000170,01 April 2013,30 September 2019,993,Total Equity Loans
E07000172,01 April 2013,30 September 2019,154,Equity Loans to First Time Buyers
E07000172,01 April 2013,30 September 2019,198,Total Equity Loans
E06000047,01 April 2013,30 September 2019,2599,Equity Loans to First Time Buyers
E06000047,01 April 2013,30 September 2019,2973,Total Equity Loans
E08000037,01 April 2013,30 September 2019,641,Equity Loans to First Time Buyers
E08000037,01 April 2013,30 September 2019,740,Total Equity Loans
E08000024,01 April 2013,30 September 2019,1284,Equity Loans to First Time Buyers
E08000024,01 April 2013,30 September 2019,1536,Total Equity Loans
E06000005,01 April 2013,30 September 2019,500,Equity Loans to First Time Buyers
E06000005,01 April 2013,30 September 2019,579,Total Equity Loans
E07000166,01 April 2013,30 September 2019,205,Equity Loans to First Time Buyers
E07000166,01 April 2013,30 September 2019,227,Total Equity Loans
E07000164,01 April 2013,30 September 2019,361,Equity Loans to First Time Buyers
E07000164,01 April 2013,30 September 2019,465,Total Equity Loans
E06000004,01 April 2013,30 September 2019,1425,Equity Loans to First Time Buyers
E06000004,01 April 2013,30 September 2019,1658,Total Equity Loans
E07000167,01 April 2013,30 September 2019,240,Equity Loans to First Time Buyers
E07000167,01 April 2013,30 September 2019,297,Total Equity Loans
E08000017,01 April 2013,30 September 2019,1520,Equity Loans to First Time Buyers
E08000017,01 April 2013,30 September 2019,1766,Total Equity Loans
E06000013,01 April 2013,30 September 2019,419,Equity Loans to First Time Buyers
E06000013,01 April 2013,30 September 2019,492,Total Equity Loans
E07000171,01 April 2013,30 September 2019,447,Equity Loans to First Time Buyers
E07000171,01 April 2013,30 September 2019,556,Total Equity Loans
E08000018,01 April 2013,30 September 2019,969,Equity Loans to First Time Buyers
E08000018,01 April 2013,30 September 2019,1176,Total Equity Loans
E06000011,01 April 2013,30 September 2019,967,Equity Loans to First Time Buyers
E06000011,01 April 2013,30 September 2019,1273,Total Equity Loans
E07000169,01 April 2013,30 September 2019,705,Equity Loans to First Time Buyers
E07000169,01 April 2013,30 September 2019,883,Total Equity Loans
E07000142,01 April 2013,30 September 2019,388,Equity Loans to First Time Buyers
E07000142,01 April 2013,30 September 2019,456,Total Equity Loans
E06000012,01 April 2013,30 September 2019,476,Equity Loans to First Time Buyers
E06000012,01 April 2013,30 September 2019,601,Total Equity Loans
E07000137,01 April 2013,30 September 2019,327,Equity Loans to First Time Buyers
E07000137,01 April 2013,30 September 2019,373,Total Equity Loans
E08000016,01 April 2013,30 September 2019,1203,Equity Loans to First Time Buyers
E08000016,01 April 2013,30 September 2019,1428,Total Equity Loans
E07000040,01 April 2013,30 September 2019,955,Equity Loans to First Time Buyers
E07000040,01 April 2013,30 September 2019,1210,Total Equity Loans
E07000239,01 April 2013,30 September 2019,174,Equity Loans to First Time Buyers
E07000239,01 April 2013,30 September 2019,231,Total Equity Loans
E07000235,01 April 2013,30 September 2019,182,Equity Loans to First Time Buyers
E07000235,01 April 2013,30 September 2019,282,Total Equity Loans
E08000031,01 April 2013,30 September 2019,1106,Equity Loans to First Time Buyers
E08000031,01 April 2013,30 September 2019,1250,Total Equity Loans
E09000030,01 April 2013,30 September 2019,1427,Equity Loans to First Time Buyers
E09000030,01 April 2013,30 September 2019,1480,Total Equity Loans
E09000001,01 April 2013,30 September 2019,5,Equity Loans to First Time Buyers
E09000001,01 April 2013,30 September 2019,5,Total Equity Loans
E09000026,01 April 2013,30 September 2019,399,Equity Loans to First Time Buyers
E09000026,01 April 2013,30 September 2019,417,Total Equity Loans
E09000033,01 April 2013,30 September 2019,36,Equity Loans to First Time Buyers
E09000033,01 April 2013,30 September 2019,44,Total Equity Loans
E07000095,01 April 2013,30 September 2019,243,Equity Loans to First Time Buyers
E07000095,01 April 2013,30 September 2019,293,Total Equity Loans
E07000041,01 April 2013,30 September 2019,684,Equity Loans to First Time Buyers
E07000041,01 April 2013,30 September 2019,911,Total Equity Loans
E07000042,01 April 2013,30 September 2019,338,Equity Loans to First Time Buyers
E07000042,01 April 2013,30 September 2019,446,Total Equity Loans
E07000043,01 April 2013,30 September 2019,334,Equity Loans to First Time Buyers
E07000043,01 April 2013,30 September 2019,414,Total Equity Loans
E07000047,01 April 2013,30 September 2019,118,Equity Loans to First Time Buyers
E07000047,01 April 2013,30 September 2019,133,Total Equity Loans
E07000046,01 April 2013,30 September 2019,197,Equity Loans to First Time Buyers
E07000046,01 April 2013,30 September 2019,241,Total Equity Loans
E07000045,01 April 2013,30 September 2019,608,Equity Loans to First Time Buyers
E07000045,01 April 2013,30 September 2019,841,Total Equity Loans
E06000052,01 April 2013,30 September 2019,1680,Equity Loans to First Time Buyers
E06000052,01 April 2013,30 September 2019,2020,Total Equity Loans
E07000119,01 April 2013,30 September 2019,459,Equity Loans to First Time Buyers
E07000119,01 April 2013,30 September 2019,609,Total Equity Loans
E06000009,01 April 2013,30 September 2019,229,Equity Loans to First Time Buyers
E06000009,01 April 2013,30 September 2019,268,Total Equity Loans
E07000128,01 April 2013,30 September 2019,455,Equity Loans to First Time Buyers
E07000128,01 April 2013,30 September 2019,543,Total Equity Loans
E07000081,01 April 2013,30 September 2019,902,Equity Loans to First Time Buyers
E07000081,01 April 2013,30 September 2019,1057,Total Equity Loans
E07000082,01 April 2013,30 September 2019,391,Equity Loans to First Time Buyers
E07000082,01 April 2013,30 September 2019,537,Total Equity Loans
E07000079,01 April 2013,30 September 2019,371,Equity Loans to First Time Buyers
E07000079,01 April 2013,30 September 2019,533,Total Equity Loans
E07000080,01 April 2013,30 September 2019,246,Equity Loans to First Time Buyers
E07000080,01 April 2013,30 September 2019,311,Total Equity Loans
E07000083,01 April 2013,30 September 2019,897,Equity Loans to First Time Buyers
E07000083,01 April 2013,30 September 2019,1162,Total Equity Loans
E07000078,01 April 2013,30 September 2019,375,Equity Loans to First Time Buyers
E07000078,01 April 2013,30 September 2019,463,Total Equity Loans
E07000181,01 April 2013,30 September 2019,317,Equity Loans to First Time Buyers
E07000181,01 April 2013,30 September 2019,422,Total Equity Loans
E07000180,01 April 2013,30 September 2019,1155,Equity Loans to First Time Buyers
E07000180,01 April 2013,30 September 2019,1481,Total Equity Loans
E07000216,01 April 2013,30 September 2019,131,Equity Loans to First Time Buyers
E07000216,01 April 2013,30 September 2019,187,Total Equity Loans
E07000085,01 April 2013,30 September 2019,709,Equity Loans to First Time Buyers
E07000085,01 April 2013,30 September 2019,924,Total Equity Loans
E07000089,01 April 2013,30 September 2019,567,Equity Loans to First Time Buyers
E07000089,01 April 2013,30 September 2019,721,Total Equity Loans
E07000092,01 April 2013,30 September 2019,494,Equity Loans to First Time Buyers
E07000092,01 April 2013,30 September 2019,539,Total Equity Loans
E07000214,01 April 2013,30 September 2019,209,Equity Loans to First Time Buyers
E07000214,01 April 2013,30 September 2019,265,Total Equity Loans
E06000036,01 April 2013,30 September 2019,641,Equity Loans to First Time Buyers
E06000036,01 April 2013,30 September 2019,773,Total Equity Loans
E07000094,01 April 2013,30 September 2019,313,Equity Loans to First Time Buyers
E07000094,01 April 2013,30 September 2019,419,Total Equity Loans
E07000084,01 April 2013,30 September 2019,1032,Equity Loans to First Time Buyers
E07000084,01 April 2013,30 September 2019,1245,Total Equity Loans
E07000007,01 April 2013,30 September 2019,417,Equity Loans to First Time Buyers
E07000007,01 April 2013,30 September 2019,512,Total Equity Loans
E07000006,01 April 2013,30 September 2019,87,Equity Loans to First Time Buyers
E07000006,01 April 2013,30 September 2019,95,Total Equity Loans
E07000005,01 April 2013,30 September 2019,72,Equity Loans to First Time Buyers
E07000005,01 April 2013,30 September 2019,83,Total Equity Loans
E07000179,01 April 2013,30 September 2019,935,Equity Loans to First Time Buyers
E07000179,01 April 2013,30 September 2019,1146,Total Equity Loans
E07000004,01 April 2013,30 September 2019,1968,Equity Loans to First Time Buyers
E07000004,01 April 2013,30 September 2019,2549,Total Equity Loans
E07000177,01 April 2013,30 September 2019,1324,Equity Loans to First Time Buyers
E07000177,01 April 2013,30 September 2019,1729,Total Equity Loans
E06000032,01 April 2013,30 September 2019,387,Equity Loans to First Time Buyers
E06000032,01 April 2013,30 September 2019,422,Total Equity Loans
E09000002,01 April 2013,30 September 2019,809,Equity Loans to First Time Buyers
E09000002,01 April 2013,30 September 2019,834,Total Equity Loans
E07000202,01 April 2013,30 September 2019,229,Equity Loans to First Time Buyers
E07000202,01 April 2013,30 September 2019,281,Total Equity Loans
E07000203,01 April 2013,30 September 2019,531,Equity Loans to First Time Buyers
E07000203,01 April 2013,30 September 2019,672,Total Equity Loans
E07000149,01 April 2013,30 September 2019,1416,Equity Loans to First Time Buyers
E07000149,01 April 2013,30 September 2019,1794,Total Equity Loans
E07000143,01 April 2013,30 September 2019,548,Equity Loans to First Time Buyers
E07000143,01 April 2013,30 September 2019,693,Total Equity Loans
E08000012,01 April 2013,30 September 2019,1757,Equity Loans to First Time Buyers
E08000012,01 April 2013,30 September 2019,1961,Total Equity Loans
E08000011,01 April 2013,30 September 2019,1124,Equity Loans to First Time Buyers
E08000011,01 April 2013,30 September 2019,1309,Total Equity Loans
E08000014,01 April 2013,30 September 2019,579,Equity Loans to First Time Buyers
E08000014,01 April 2013,30 September 2019,648,Total Equity Loans
E06000006,01 April 2013,30 September 2019,601,Equity Loans to First Time Buyers
E06000006,01 April 2013,30 September 2019,783,Total Equity Loans
E07000127,01 April 2013,30 September 2019,338,Equity Loans to First Time Buyers
E07000127,01 April 2013,30 September 2019,409,Total Equity Loans
E07000121,01 April 2013,30 September 2019,419,Equity Loans to First Time Buyers
E07000121,01 April 2013,30 September 2019,504,Total Equity Loans
E07000031,01 April 2013,30 September 2019,76,Equity Loans to First Time Buyers
E07000031,01 April 2013,30 September 2019,104,Total Equity Loans
E07000027,01 April 2013,30 September 2019,62,Equity Loans to First Time Buyers
E07000027,01 April 2013,30 September 2019,82,Total Equity Loans
E07000138,01 April 2013,30 September 2019,99,Equity Loans to First Time Buyers
E07000138,01 April 2013,30 September 2019,114,Total Equity Loans
E07000175,01 April 2013,30 September 2019,584,Equity Loans to First Time Buyers
E07000175,01 April 2013,30 September 2019,747,Total Equity Loans
E07000139,01 April 2013,30 September 2019,765,Equity Loans to First Time Buyers
E07000139,01 April 2013,30 September 2019,968,Total Equity Loans
E07000136,01 April 2013,30 September 2019,332,Equity Loans to First Time Buyers
E07000136,01 April 2013,30 September 2019,393,Total Equity Loans
E08000036,01 April 2013,30 September 2019,2836,Equity Loans to First Time Buyers
E08000036,01 April 2013,30 September 2019,3386,Total Equity Loans
E08000003,01 April 2013,30 September 2019,1677,Equity Loans to First Time Buyers
E08000003,01 April 2013,30 September 2019,1828,Total Equity Loans
E08000004,01 April 2013,30 September 2019,549,Equity Loans to First Time Buyers
E08000004,01 April 2013,30 September 2019,629,Total Equity Loans
E08000008,01 April 2013,30 September 2019,983,Equity Loans to First Time Buyers
E08000008,01 April 2013,30 September 2019,1101,Total Equity Loans
E08000009,01 April 2013,30 September 2019,282,Equity Loans to First Time Buyers
E08000009,01 April 2013,30 September 2019,310,Total Equity Loans
E08000007,01 April 2013,30 September 2019,613,Equity Loans to First Time Buyers
E08000007,01 April 2013,30 September 2019,711,Total Equity Loans
E08000010,01 April 2013,30 September 2019,1468,Equity Loans to First Time Buyers
E08000010,01 April 2013,30 September 2019,1831,Total Equity Loans
E06000035,01 April 2013,30 September 2019,644,Equity Loans to First Time Buyers
E06000035,01 April 2013,30 September 2019,786,Total Equity Loans
E07000110,01 April 2013,30 September 2019,774,Equity Loans to First Time Buyers
E07000110,01 April 2013,30 September 2019,1000,Total Equity Loans
E06000042,01 April 2013,30 September 2019,2290,Equity Loans to First Time Buyers
E06000042,01 April 2013,30 September 2019,2896,Total Equity Loans
E07000155,01 April 2013,30 September 2019,798,Equity Loans to First Time Buyers
E07000155,01 April 2013,30 September 2019,1195,Total Equity Loans
E06000055,01 April 2013,30 September 2019,1977,Equity Loans to First Time Buyers
E06000055,01 April 2013,30 September 2019,2716,Total Equity Loans
E08000021,01 April 2013,30 September 2019,1483,Equity Loans to First Time Buyers
E08000021,01 April 2013,30 September 2019,1699,Total Equity Loans
E08000022,01 April 2013,30 September 2019,927,Equity Loans to First Time Buyers
E08000022,01 April 2013,30 September 2019,1215,Total Equity Loans
E08000023,01 April 2013,30 September 2019,835,Equity Loans to First Time Buyers
E08000023,01 April 2013,30 September 2019,956,Total Equity Loans
E06000018,01 April 2013,30 September 2019,607,Equity Loans to First Time Buyers
E06000018,01 April 2013,30 September 2019,703,Total Equity Loans
E07000174,01 April 2013,30 September 2019,358,Equity Loans to First Time Buyers
E07000174,01 April 2013,30 September 2019,489,Total Equity Loans
E07000141,01 April 2013,30 September 2019,702,Equity Loans to First Time Buyers
E07000141,01 April 2013,30 September 2019,889,Total Equity Loans
E07000173,01 April 2013,30 September 2019,233,Equity Loans to First Time Buyers
E07000173,01 April 2013,30 September 2019,343,Total Equity Loans
E07000154,01 April 2013,30 September 2019,1177,Equity Loans to First Time Buyers
E07000154,01 April 2013,30 September 2019,1570,Total Equity Loans
E07000156,01 April 2013,30 September 2019,329,Equity Loans to First Time Buyers
E07000156,01 April 2013,30 September 2019,401,Total Equity Loans
E07000148,01 April 2013,30 September 2019,159,Equity Loans to First Time Buyers
E07000148,01 April 2013,30 September 2019,178,Total Equity Loans
E07000144,01 April 2013,30 September 2019,630,Equity Loans to First Time Buyers
E07000144,01 April 2013,30 September 2019,810,Total Equity Loans
E07000147,01 April 2013,30 September 2019,194,Equity Loans to First Time Buyers
E07000147,01 April 2013,30 September 2019,236,Total Equity Loans
E07000145,01 April 2013,30 September 2019,203,Equity Loans to First Time Buyers
E07000145,01 April 2013,30 September 2019,250,Total Equity Loans
E09000013,01 April 2013,30 September 2019,49,Equity Loans to First Time Buyers
E09000013,01 April 2013,30 September 2019,50,Total Equity Loans
E09000020,01 April 2013,30 September 2019,15,Equity Loans to First Time Buyers
E09000020,01 April 2013,30 September 2019,15,Total Equity Loans
E07000178,01 April 2013,30 September 2019,42,Equity Loans to First Time Buyers
E07000178,01 April 2013,30 September 2019,43,Total Equity Loans
E06000037,01 April 2013,30 September 2019,410,Equity Loans to First Time Buyers
E06000037,01 April 2013,30 September 2019,488,Total Equity Loans
E07000140,01 April 2013,30 September 2019,508,Equity Loans to First Time Buyers
E07000140,01 April 2013,30 September 2019,606,Total Equity Loans
E06000026,01 April 2013,30 September 2019,1130,Equity Loans to First Time Buyers
E06000026,01 April 2013,30 September 2019,1426,Total Equity Loans
E07000044,01 April 2013,30 September 2019,187,Equity Loans to First Time Buyers
E07000044,01 April 2013,30 September 2019,268,Total Equity Loans
E06000044,01 April 2013,30 September 2019,131,Equity Loans to First Time Buyers
E06000044,01 April 2013,30 September 2019,164,Total Equity Loans
E07000090,01 April 2013,30 September 2019,406,Equity Loans to First Time Buyers
E07000090,01 April 2013,30 September 2019,532,Total Equity Loans
E07000088,01 April 2013,30 September 2019,189,Equity Loans to First Time Buyers
E07000088,01 April 2013,30 September 2019,223,Total Equity Loans
E07000087,01 April 2013,30 September 2019,349,Equity Loans to First Time Buyers
E07000087,01 April 2013,30 September 2019,464,Total Equity Loans
E06000046,01 April 2013,30 September 2019,232,Equity Loans to First Time Buyers
E06000046,01 April 2013,30 September 2019,270,Total Equity Loans
E07000123,01 April 2013,30 September 2019,459,Equity Loans to First Time Buyers
E07000123,01 April 2013,30 September 2019,599,Total Equity Loans
E06000038,01 April 2013,30 September 2019,482,Equity Loans to First Time Buyers
E06000038,01 April 2013,30 September 2019,526,Total Equity Loans
E06000041,01 April 2013,30 September 2019,1550,Equity Loans to First Time Buyers
E06000041,01 April 2013,30 September 2019,1914,Total Equity Loans
E06000040,01 April 2013,30 September 2019,305,Equity Loans to First Time Buyers
E06000040,01 April 2013,30 September 2019,331,Total Equity Loans
E07000093,01 April 2013,30 September 2019,1213,Equity Loans to First Time Buyers
E07000093,01 April 2013,30 September 2019,1474,Total Equity Loans
E07000226,01 April 2013,30 September 2019,473,Equity Loans to First Time Buyers
E07000226,01 April 2013,30 September 2019,587,Total Equity Loans
E08000019,01 April 2013,30 September 2019,1086,Equity Loans to First Time Buyers
E08000019,01 April 2013,30 September 2019,1208,Total Equity Loans
E07000037,01 April 2013,30 September 2019,224,Equity Loans to First Time Buyers
E07000037,01 April 2013,30 September 2019,294,Total Equity Loans
E07000034,01 April 2013,30 September 2019,134,Equity Loans to First Time Buyers
E07000034,01 April 2013,30 September 2019,187,Total Equity Loans
E09000028,01 April 2013,30 September 2019,809,Equity Loans to First Time Buyers
E09000028,01 April 2013,30 September 2019,859,Total Equity Loans
E07000243,01 April 2013,30 September 2019,217,Equity Loans to First Time Buyers
E07000243,01 April 2013,30 September 2019,273,Total Equity Loans
E06000039,01 April 2013,30 September 2019,611,Equity Loans to First Time Buyers
E06000039,01 April 2013,30 September 2019,641,Total Equity Loans
E06000030,01 April 2013,30 September 2019,1610,Equity Loans to First Time Buyers
E06000030,01 April 2013,30 September 2019,2028,Total Equity Loans
E06000045,01 April 2013,30 September 2019,731,Equity Loans to First Time Buyers
E06000045,01 April 2013,30 September 2019,822,Total Equity Loans
E07000086,01 April 2013,30 September 2019,700,Equity Loans to First Time Buyers
E07000086,01 April 2013,30 September 2019,1032,Total Equity Loans
E06000033,01 April 2013,30 September 2019,273,Equity Loans to First Time Buyers
E06000033,01 April 2013,30 September 2019,306,Total Equity Loans
E07000075,01 April 2013,30 September 2019,218,Equity Loans to First Time Buyers
E07000075,01 April 2013,30 September 2019,325,Total Equity Loans
E07000069,01 April 2013,30 September 2019,85,Equity Loans to First Time Buyers
E07000069,01 April 2013,30 September 2019,125,Total Equity Loans
E09000032,01 April 2013,30 September 2019,536,Equity Loans to First Time Buyers
E09000032,01 April 2013,30 September 2019,553,Total Equity Loans
E09000018,01 April 2013,30 September 2019,745,Equity Loans to First Time Buyers
E09000018,01 April 2013,30 September 2019,778,Total Equity Loans
E06000020,01 April 2013,30 September 2019,1703,Equity Loans to First Time Buyers
E06000020,01 April 2013,30 September 2019,2106,Total Equity Loans
E07000116,01 April 2013,30 September 2019,140,Equity Loans to First Time Buyers
E07000116,01 April 2013,30 September 2019,180,Total Equity Loans
E07000062,01 April 2013,30 September 2019,91,Equity Loans to First Time Buyers
E07000062,01 April 2013,30 September 2019,112,Total Equity Loans
E06000027,01 April 2013,30 September 2019,279,Equity Loans to First Time Buyers
E06000027,01 April 2013,30 September 2019,340,Total Equity Loans
E06000002,01 April 2013,30 September 2019,958,Equity Loans to First Time Buyers
E06000002,01 April 2013,30 September 2019,1093,Total Equity Loans
E06000003,01 April 2013,30 September 2019,671,Equity Loans to First Time Buyers
E06000003,01 April 2013,30 September 2019,775,Total Equity Loans
E07000168,01 April 2013,30 September 2019,327,Equity Loans to First Time Buyers
E07000168,01 April 2013,30 September 2019,401,Total Equity Loans
E06000001,01 April 2013,30 September 2019,554,Equity Loans to First Time Buyers
E06000001,01 April 2013,30 September 2019,648,Total Equity Loans
E06000007,01 April 2013,30 September 2019,692,Equity Loans to First Time Buyers
E06000007,01 April 2013,30 September 2019,895,Total Equity Loans
E07000103,01 April 2013,30 September 2019,247,Equity Loans to First Time Buyers
E07000103,01 April 2013,30 September 2019,266,Total Equity Loans
E07000237,01 April 2013,30 September 2019,363,Equity Loans to First Time Buyers
E07000237,01 April 2013,30 September 2019,495,Total Equity Loans
E07000192,01 April 2013,30 September 2019,630,Equity Loans to First Time Buyers
E07000192,01 April 2013,30 September 2019,817,Total Equity Loans
E06000014,01 April 2013,30 September 2019,429,Equity Loans to First Time Buyers
E06000014,01 April 2013,30 September 2019,505,Total Equity Loans
E07000246,01 April 2013,30 September 2019,23,Equity Loans to First Time Buyers
E07000246,01 April 2013,30 September 2019,28,Total Equity Loans
E07000244,01 April 2013,30 September 2019,19,Equity Loans to First Time Buyers
E07000244,01 April 2013,30 September 2019,25,Total Equity Loans
E07000245,01 April 2013,30 September 2019,38,Equity Loans to First Time Buyers
E07000245,01 April 2013,30 September 2019,47,Total Equity Loans
E14000972,01 April 2013,30 September 2019,0,Total Equity Loans
E14000973,01 April 2013,30 September 2019,0,Total Equity Loans
E14000975,01 April 2013,30 September 2019,0,Total Equity Loans
E14000966,01 April 2013,30 September 2019,0,Total Equity Loans
E14000610,01 April 2013,30 September 2019,0,Total Equity Loans
E14000974,01 April 2013,30 September 2019,0,Total Equity Loans
E14000664,01 April 2013,30 September 2019,0,Total Equity Loans
E14000791,01 April 2013,30 September 2019,0,Total Equity Loans
E14000965,01 April 2013,30 September 2019,0,Total Equity Loans
E14000945,01 April 2013,30 September 2019,0,Total Equity Loans
E14000992,01 April 2013,30 September 2019,0,Total Equity Loans
E14000834,01 April 2013,30 September 2019,0,Total Equity Loans
E14000646,01 April 2013,30 September 2019,0,Total Equity Loans
E14000653,01 April 2013,30 September 2019,0,Total Equity Loans
E14000770,01 April 2013,30 September 2019,0,Total Equity Loans
E14001005,01 April 2013,30 September 2019,0,Total Equity Loans
E14000896,01 April 2013,30 September 2019,0,Total Equity Loans
E14000697,01 April 2013,30 September 2019,0,Total Equity Loans
E14000907,01 April 2013,30 September 2019,0,Total Equity Loans
E14000824,01 April 2013,30 September 2019,0,Total Equity Loans
E14000959,01 April 2013,30 September 2019,0,Total Equity Loans
E14001047,01 April 2013,30 September 2019,0,Total Equity Loans
E14000694,01 April 2013,30 September 2019,0,Total Equity Loans
E14000984,01 April 2013,30 September 2019,0,Total Equity Loans
E14000893,01 April 2013,30 September 2019,0,Total Equity Loans
E14001040,01 April 2013,30 September 2019,0,Total Equity Loans
E14000783,01 April 2013,30 September 2019,0,Total Equity Loans
E14000940,01 April 2013,30 September 2019,0,Total Equity Loans
E14000782,01 April 2013,30 September 2019,0,Total Equity Loans
E14000784,01 April 2013,30 September 2019,0,Total Equity Loans
E14000583,01 April 2013,30 September 2019,0,Total Equity Loans
E14000905,01 April 2013,30 September 2019,0,Total Equity Loans
E14000797,01 April 2013,30 September 2019,0,Total Equity Loans
E14000858,01 April 2013,30 September 2019,0,Total Equity Loans
E14000908,01 April 2013,30 September 2019,0,Total Equity Loans
E14000625,01 April 2013,30 September 2019,0,Total Equity Loans
E14000909,01 April 2013,30 September 2019,0,Total Equity Loans
E14000648,01 April 2013,30 September 2019,0,Total Equity Loans
E14000728,01 April 2013,30 September 2019,0,Total Equity Loans
E14000769,01 April 2013,30 September 2019,0,Total Equity Loans
E14000660,01 April 2013,30 September 2019,0,Total Equity Loans
E14000935,01 April 2013,30 September 2019,0,Total Equity Loans
E14000592,01 April 2013,30 September 2019,0,Total Equity Loans
E14000675,01 April 2013,30 September 2019,0,Total Equity Loans
E14000674,01 April 2013,30 September 2019,0,Total Equity Loans
E14000732,01 April 2013,30 September 2019,0,Total Equity Loans
E14001007,01 April 2013,30 September 2019,0,Total Equity Loans
E14000731,01 April 2013,30 September 2019,0,Total Equity Loans
E14001021,01 April 2013,30 September 2019,0,Total Equity Loans
E14000951,01 April 2013,30 September 2019,0,Total Equity Loans
E14000745,01 April 2013,30 September 2019,0,Total Equity Loans
E14000741,01 April 2013,30 September 2019,0,Total Equity Loans
E14000591,01 April 2013,30 September 2019,0,Total Equity Loans
E14000547,01 April 2013,30 September 2019,0,Total Equity Loans
E14000846,01 April 2013,30 September 2019,0,Total Equity Loans
E14000635,01 April 2013,30 September 2019,0,Total Equity Loans
E14000994,01 April 2013,30 September 2019,0,Total Equity Loans
E14000774,01 April 2013,30 September 2019,0,Total Equity Loans
E14000932,01 April 2013,30 September 2019,0,Total Equity Loans
E14000954,01 April 2013,30 September 2019,0,Total Equity Loans
E14000912,01 April 2013,30 September 2019,0,Total Equity Loans
E14001026,01 April 2013,30 September 2019,0,Total Equity Loans
E14000595,01 April 2013,30 September 2019,0,Total Equity Loans
E14001060,01 April 2013,30 September 2019,0,Total Equity Loans
E14001031,01 April 2013,30 September 2019,0,Total Equity Loans
E14000839,01 April 2013,30 September 2019,0,Total Equity Loans
E14000764,01 April 2013,30 September 2019,0,Total Equity Loans
E14000750,01 April 2013,30 September 2019,0,Total Equity Loans
E14000763,01 April 2013,30 September 2019,0,Total Equity Loans
E14000721,01 April 2013,30 September 2019,0,Total Equity Loans
E14000720,01 April 2013,30 September 2019,0,Total Equity Loans
E14000636,01 April 2013,30 September 2019,0,Total Equity Loans
E14000752,01 April 2013,30 September 2019,0,Total Equity Loans
E14000703,01 April 2013,30 September 2019,0,Total Equity Loans
E14000687,01 April 2013,30 September 2019,0,Total Equity Loans
E14001002,01 April 2013,30 September 2019,0,Total Equity Loans
E14001013,01 April 2013,30 September 2019,0,Total Equity Loans
E14000691,01 April 2013,30 September 2019,0,Total Equity Loans
E14000727,01 April 2013,30 September 2019,0,Total Equity Loans
E14001032,01 April 2013,30 September 2019,0,Total Equity Loans
E14000554,01 April 2013,30 September 2019,0,Total Equity Loans
E14000877,01 April 2013,30 September 2019,0,Total Equity Loans
E14000960,01 April 2013,30 September 2019,0,Total Equity Loans
E14001027,01 April 2013,30 September 2019,0,Total Equity Loans
E14000749,01 April 2013,30 September 2019,0,Total Equity Loans
E14000739,01 April 2013,30 September 2019,0,Total Equity Loans
E14000801,01 April 2013,30 September 2019,0,Total Equity Loans
E14000845,01 April 2013,30 September 2019,0,Total Equity Loans
E14000968,01 April 2013,30 September 2019,0,Total Equity Loans
E14000931,01 April 2013,30 September 2019,0,Total Equity Loans
E14000605,01 April 2013,30 September 2019,0,Total Equity Loans
E14001016,01 April 2013,30 September 2019,0,Total Equity Loans
E14001029,01 April 2013,30 September 2019,0,Total Equity Loans
E14000985,01 April 2013,30 September 2019,0,Total Equity Loans
E14000812,01 April 2013,30 September 2019,0,Total Equity Loans
E14001012,01 April 2013,30 September 2019,0,Total Equity Loans
E14000854,01 April 2013,30 September 2019,0,Total Equity Loans
E14000868,01 April 2013,30 September 2019,0,Total Equity Loans
E14000977,01 April 2013,30 September 2019,0,Total Equity Loans
E14000892,01 April 2013,30 September 2019,0,Total Equity Loans
E14000818,01 April 2013,30 September 2019,0,Total Equity Loans
E14000722,01 April 2013,30 September 2019,0,Total Equity Loans
E14000976,01 April 2013,30 September 2019,0,Total Equity Loans
E14000672,01 April 2013,30 September 2019,0,Total Equity Loans
E14001030,01 April 2013,30 September 2019,0,Total Equity Loans
E14000531,01 April 2013,30 September 2019,0,Total Equity Loans
E14000986,01 April 2013,30 September 2019,0,Total Equity Loans
E14000767,01 April 2013,30 September 2019,0,Total Equity Loans
E14000570,01 April 2013,30 September 2019,0,Total Equity Loans
E14000758,01 April 2013,30 September 2019,0,Total Equity Loans
E14000902,01 April 2013,30 September 2019,0,Total Equity Loans
E14000894,01 April 2013,30 September 2019,0,Total Equity Loans
E14000609,01 April 2013,30 September 2019,0,Total Equity Loans
E14000875,01 April 2013,30 September 2019,0,Total Equity Loans
E14000928,01 April 2013,30 September 2019,0,Total Equity Loans
E14000637,01 April 2013,30 September 2019,0,Total Equity Loans
E14000589,01 April 2013,30 September 2019,0,Total Equity Loans
E14000587,01 April 2013,30 September 2019,0,Total Equity Loans
E14000826,01 April 2013,30 September 2019,0,Total Equity Loans
E14000886,01 April 2013,30 September 2019,0,Total Equity Loans
E14000925,01 April 2013,30 September 2019,0,Total Equity Loans
E14000548,01 April 2013,30 September 2019,0,Total Equity Loans
E14000588,01 April 2013,30 September 2019,0,Total Equity Loans
E14000723,01 April 2013,30 September 2019,0,Total Equity Loans
E14000766,01 April 2013,30 September 2019,0,Total Equity Loans
E14000614,01 April 2013,30 September 2019,0,Total Equity Loans
E14000585,01 April 2013,30 September 2019,0,Total Equity Loans
E14000584,01 April 2013,30 September 2019,0,Total Equity Loans
E14000881,01 April 2013,30 September 2019,0,Total Equity Loans
E14000815,01 April 2013,30 September 2019,0,Total Equity Loans
E14000936,01 April 2013,30 September 2019,0,Total Equity Loans
E14000638,01 April 2013,30 September 2019,0,Total Equity Loans
E14000828,01 April 2013,30 September 2019,0,Total Equity Loans
E14000827,01 April 2013,30 September 2019,0,Total Equity Loans
E14000611,01 April 2013,30 September 2019,0,Total Equity Loans
E14000578,01 April 2013,30 September 2019,0,Total Equity Loans
E14000579,01 April 2013,30 September 2019,0,Total Equity Loans
E14000580,01 April 2013,30 September 2019,0,Total Equity Loans
E14000612,01 April 2013,30 September 2019,0,Total Equity Loans
E14001054,01 April 2013,30 September 2019,0,Total Equity Loans
E14000747,01 April 2013,30 September 2019,0,Total Equity Loans
E14000755,01 April 2013,30 September 2019,0,Total Equity Loans
E14000534,01 April 2013,30 September 2019,0,Total Equity Loans
E14000786,01 April 2013,30 September 2019,0,Total Equity Loans
E14001055,01 April 2013,30 September 2019,0,Total Equity Loans
E14000682,01 April 2013,30 September 2019,0,Total Equity Loans
E14000576,01 April 2013,30 September 2019,0,Total Equity Loans
E14000633,01 April 2013,30 September 2019,0,Total Equity Loans
E14000684,01 April 2013,30 September 2019,0,Total Equity Loans
E14000557,01 April 2013,30 September 2019,0,Total Equity Loans
E14001023,01 April 2013,30 September 2019,0,Total Equity Loans
E14000817,01 April 2013,30 September 2019,0,Total Equity Loans
E14000604,01 April 2013,30 September 2019,0,Total Equity Loans
E14000551,01 April 2013,30 September 2019,0,Total Equity Loans
E14000787,01 April 2013,30 September 2019,0,Total Equity Loans
E14000978,01 April 2013,30 September 2019,0,Total Equity Loans
E14000872,01 April 2013,30 September 2019,0,Total Equity Loans
E14000788,01 April 2013,30 September 2019,0,Total Equity Loans
E14000654,01 April 2013,30 September 2019,0,Total Equity Loans
E14000918,01 April 2013,30 September 2019,0,Total Equity Loans
E14000690,01 April 2013,30 September 2019,0,Total Equity Loans
E14000659,01 April 2013,30 September 2019,0,Total Equity Loans
E14001038,01 April 2013,30 September 2019,0,Total Equity Loans
E14000602,01 April 2013,30 September 2019,0,Total Equity Loans
E14000850,01 April 2013,30 September 2019,0,Total Equity Loans
E14000601,01 April 2013,30 September 2019,0,Total Equity Loans
E14000600,01 April 2013,30 September 2019,0,Total Equity Loans
E14000702,01 April 2013,30 September 2019,0,Total Equity Loans
E14000599,01 April 2013,30 September 2019,0,Total Equity Loans
E14000620,01 April 2013,30 September 2019,0,Total Equity Loans
E14000647,01 April 2013,30 September 2019,0,Total Equity Loans
E14001053,01 April 2013,30 September 2019,0,Total Equity Loans
E14000746,01 April 2013,30 September 2019,0,Total Equity Loans
E14000617,01 April 2013,30 September 2019,0,Total Equity Loans
E14000934,01 April 2013,30 September 2019,0,Total Equity Loans
E14000878,01 April 2013,30 September 2019,0,Total Equity Loans
E14000937,01 April 2013,30 September 2019,0,Total Equity Loans
E14000910,01 April 2013,30 September 2019,0,Total Equity Loans
E14000842,01 April 2013,30 September 2019,0,Total Equity Loans
E14000757,01 April 2013,30 September 2019,0,Total Equity Loans
E14000952,01 April 2013,30 September 2019,0,Total Equity Loans
E14001034,01 April 2013,30 September 2019,0,Total Equity Loans
E14000946,01 April 2013,30 September 2019,0,Total Equity Loans
E14000590,01 April 2013,30 September 2019,0,Total Equity Loans
E14000640,01 April 2013,30 September 2019,0,Total Equity Loans
E14000686,01 April 2013,30 September 2019,0,Total Equity Loans
E14000688,01 April 2013,30 September 2019,0,Total Equity Loans
E14000559,01 April 2013,30 September 2019,0,Total Equity Loans
E14001010,01 April 2013,30 September 2019,0,Total Equity Loans
E14001044,01 April 2013,30 September 2019,0,Total Equity Loans
E14001043,01 April 2013,30 September 2019,0,Total Equity Loans
E14000806,01 April 2013,30 September 2019,0,Total Equity Loans
E14000628,01 April 2013,30 September 2019,0,Total Equity Loans
E14000594,01 April 2013,30 September 2019,0,Total Equity Loans
E14000544,01 April 2013,30 September 2019,0,Total Equity Loans
E14000933,01 April 2013,30 September 2019,0,Total Equity Loans
E14000751,01 April 2013,30 September 2019,0,Total Equity Loans
E14000693,01 April 2013,30 September 2019,0,Total Equity Loans
E14000729,01 April 2013,30 September 2019,0,Total Equity Loans
E14000744,01 April 2013,30 September 2019,0,Total Equity Loans
E14001045,01 April 2013,30 September 2019,0,Total Equity Loans
E14000644,01 April 2013,30 September 2019,0,Total Equity Loans
E14000734,01 April 2013,30 September 2019,0,Total Equity Loans
E14000642,01 April 2013,30 September 2019,0,Total Equity Loans
E14000656,01 April 2013,30 September 2019,0,Total Equity Loans
E14000655,01 April 2013,30 September 2019,0,Total Equity Loans
E14000621,01 April 2013,30 September 2019,0,Total Equity Loans
E14000681,01 April 2013,30 September 2019,0,Total Equity Loans
E14000823,01 April 2013,30 September 2019,0,Total Equity Loans
E14000619,01 April 2013,30 September 2019,0,Total Equity Loans
E14000948,01 April 2013,30 September 2019,0,Total Equity Loans
E14000852,01 April 2013,30 September 2019,0,Total Equity Loans
E14000670,01 April 2013,30 September 2019,0,Total Equity Loans
E14000704,01 April 2013,30 September 2019,0,Total Equity Loans
E14000700,01 April 2013,30 September 2019,0,Total Equity Loans
E14000536,01 April 2013,30 September 2019,0,Total Equity Loans
E14000650,01 April 2013,30 September 2019,0,Total Equity Loans
E14000651,01 April 2013,30 September 2019,0,Total Equity Loans
E14000649,01 April 2013,30 September 2019,0,Total Equity Loans
E14001019,01 April 2013,30 September 2019,0,Total Equity Loans
E14000987,01 April 2013,30 September 2019,0,Total Equity Loans
E14000802,01 April 2013,30 September 2019,0,Total Equity Loans
E14000849,01 April 2013,30 September 2019,0,Total Equity Loans
E14001024,01 April 2013,30 September 2019,0,Total Equity Loans
E14000558,01 April 2013,30 September 2019,0,Total Equity Loans
E14000715,01 April 2013,30 September 2019,0,Total Equity Loans
E14000626,01 April 2013,30 September 2019,0,Total Equity Loans
E14000869,01 April 2013,30 September 2019,0,Total Equity Loans
E14000696,01 April 2013,30 September 2019,0,Total Equity Loans
E14000663,01 April 2013,30 September 2019,0,Total Equity Loans
E14000662,01 April 2013,30 September 2019,0,Total Equity Loans
E14000814,01 April 2013,30 September 2019,0,Total Equity Loans
E14000577,01 April 2013,30 September 2019,0,Total Equity Loans
E14000533,01 April 2013,30 September 2019,0,Total Equity Loans
E14000843,01 April 2013,30 September 2019,0,Total Equity Loans
E14000535,01 April 2013,30 September 2019,0,Total Equity Loans
E14000695,01 April 2013,30 September 2019,0,Total Equity Loans
E14000607,01 April 2013,30 September 2019,0,Total Equity Loans
E14000641,01 April 2013,30 September 2019,0,Total Equity Loans
E14000840,01 April 2013,30 September 2019,0,Total Equity Loans
E14000574,01 April 2013,30 September 2019,0,Total Equity Loans
E14001020,01 April 2013,30 September 2019,0,Total Equity Loans
E14000754,01 April 2013,30 September 2019,0,Total Equity Loans
E14000677,01 April 2013,30 September 2019,0,Total Equity Loans
E14000915,01 April 2013,30 September 2019,0,Total Equity Loans
E14000569,01 April 2013,30 September 2019,0,Total Equity Loans
E14000856,01 April 2013,30 September 2019,0,Total Equity Loans
E14000709,01 April 2013,30 September 2019,0,Total Equity Loans
E14000658,01 April 2013,30 September 2019,0,Total Equity Loans
E14000895,01 April 2013,30 September 2019,0,Total Equity Loans
E14000970,01 April 2013,30 September 2019,0,Total Equity Loans
E14000993,01 April 2013,30 September 2019,0,Total Equity Loans
E14000668,01 April 2013,30 September 2019,0,Total Equity Loans
E14000596,01 April 2013,30 September 2019,0,Total Equity Loans
E14000546,01 April 2013,30 September 2019,0,Total Equity Loans
E14000667,01 April 2013,30 September 2019,0,Total Equity Loans
E14000903,01 April 2013,30 September 2019,0,Total Equity Loans
E14001028,01 April 2013,30 September 2019,0,Total Equity Loans
E14000669,01 April 2013,30 September 2019,0,Total Equity Loans
E14000917,01 April 2013,30 September 2019,0,Total Equity Loans
E14000724,01 April 2013,30 September 2019,0,Total Equity Loans
E14000914,01 April 2013,30 September 2019,0,Total Equity Loans
E14000707,01 April 2013,30 September 2019,0,Total Equity Loans
E14000643,01 April 2013,30 September 2019,0,Total Equity Loans
E14000829,01 April 2013,30 September 2019,0,Total Equity Loans
E14000716,01 April 2013,30 September 2019,0,Total Equity Loans
E14000798,01 April 2013,30 September 2019,0,Total Equity Loans
E14000996,01 April 2013,30 September 2019,0,Total Equity Loans
E14000671,01 April 2013,30 September 2019,0,Total Equity Loans
E14001058,01 April 2013,30 September 2019,0,Total Equity Loans
E14000799,01 April 2013,30 September 2019,0,Total Equity Loans
E14001035,01 April 2013,30 September 2019,0,Total Equity Loans
E14001050,01 April 2013,30 September 2019,0,Total Equity Loans
E14000882,01 April 2013,30 September 2019,0,Total Equity Loans
E14000555,01 April 2013,30 September 2019,0,Total Equity Loans
E14000639,01 April 2013,30 September 2019,0,Total Equity Loans
E14000790,01 April 2013,30 September 2019,0,Total Equity Loans
E14000679,01 April 2013,30 September 2019,0,Total Equity Loans
E14000634,01 April 2013,30 September 2019,0,Total Equity Loans
E14000759,01 April 2013,30 September 2019,0,Total Equity Loans
E14000606,01 April 2013,30 September 2019,0,Total Equity Loans
E14000698,01 April 2013,30 September 2019,0,Total Equity Loans
E14000678,01 April 2013,30 September 2019,0,Total Equity Loans
E14000988,01 April 2013,30 September 2019,0,Total Equity Loans
E14000623,01 April 2013,30 September 2019,0,Total Equity Loans
E14000838,01 April 2013,30 September 2019,0,Total Equity Loans
E14001000,01 April 2013,30 September 2019,0,Total Equity Loans
E14000837,01 April 2013,30 September 2019,0,Total Equity Loans
E14000835,01 April 2013,30 September 2019,0,Total Equity Loans
E14000706,01 April 2013,30 September 2019,0,Total Equity Loans
E14000573,01 April 2013,30 September 2019,0,Total Equity Loans
E14000572,01 April 2013,30 September 2019,0,Total Equity Loans
E14001057,01 April 2013,30 September 2019,0,Total Equity Loans
E14000776,01 April 2013,30 September 2019,0,Total Equity Loans
E14000712,01 April 2013,30 September 2019,0,Total Equity Loans
E14000980,01 April 2013,30 September 2019,0,Total Equity Loans
E14000990,01 April 2013,30 September 2019,0,Total Equity Loans
E14000991,01 April 2013,30 September 2019,0,Total Equity Loans
E14000705,01 April 2013,30 September 2019,0,Total Equity Loans
E14000743,01 April 2013,30 September 2019,0,Total Equity Loans
E14000847,01 April 2013,30 September 2019,0,Total Equity Loans
E14000630,01 April 2013,30 September 2019,0,Total Equity Loans
E14001046,01 April 2013,30 September 2019,0,Total Equity Loans
E14001015,01 April 2013,30 September 2019,0,Total Equity Loans
E14000860,01 April 2013,30 September 2019,0,Total Equity Loans
E14000719,01 April 2013,30 September 2019,0,Total Equity Loans
E14000983,01 April 2013,30 September 2019,0,Total Equity Loans
E14000953,01 April 2013,30 September 2019,0,Total Equity Loans
E14000680,01 April 2013,30 September 2019,0,Total Equity Loans
E14000844,01 April 2013,30 September 2019,0,Total Equity Loans
E14000530,01 April 2013,30 September 2019,0,Total Equity Loans
E14000586,01 April 2013,30 September 2019,0,Total Equity Loans
E14001042,01 April 2013,30 September 2019,0,Total Equity Loans
E14000811,01 April 2013,30 September 2019,0,Total Equity Loans
E14000756,01 April 2013,30 September 2019,0,Total Equity Loans
E14000645,01 April 2013,30 September 2019,0,Total Equity Loans
E14000666,01 April 2013,30 September 2019,0,Total Equity Loans
E14000876,01 April 2013,30 September 2019,0,Total Equity Loans
E14000730,01 April 2013,30 September 2019,0,Total Equity Loans
E14000550,01 April 2013,30 September 2019,0,Total Equity Loans
E14001056,01 April 2013,30 September 2019,0,Total Equity Loans
E14000631,01 April 2013,30 September 2019,0,Total Equity Loans
E14000538,01 April 2013,30 September 2019,0,Total Equity Loans
E14000742,01 April 2013,30 September 2019,0,Total Equity Loans
E14000608,01 April 2013,30 September 2019,0,Total Equity Loans
E14000539,01 April 2013,30 September 2019,0,Total Equity Loans
E14000800,01 April 2013,30 September 2019,0,Total Equity Loans
E14000949,01 April 2013,30 September 2019,0,Total Equity Loans
E14000773,01 April 2013,30 September 2019,0,Total Equity Loans
E14000771,01 April 2013,30 September 2019,0,Total Equity Loans
E14000556,01 April 2013,30 September 2019,0,Total Equity Loans
E14000683,01 April 2013,30 September 2019,0,Total Equity Loans
E14000772,01 April 2013,30 September 2019,0,Total Equity Loans
E14000760,01 April 2013,30 September 2019,0,Total Equity Loans
E14000540,01 April 2013,30 September 2019,0,Total Equity Loans
E14000761,01 April 2013,30 September 2019,0,Total Equity Loans
E14000624,01 April 2013,30 September 2019,0,Total Equity Loans
E14000981,01 April 2013,30 September 2019,0,Total Equity Loans
E14000613,01 April 2013,30 September 2019,0,Total Equity Loans
E14001022,01 April 2013,30 September 2019,0,Total Equity Loans
E14000941,01 April 2013,30 September 2019,0,Total Equity Loans
E14000816,01 April 2013,30 September 2019,0,Total Equity Loans
E14000775,01 April 2013,30 September 2019,0,Total Equity Loans
E14000916,01 April 2013,30 September 2019,0,Total Equity Loans
E14000708,01 April 2013,30 September 2019,0,Total Equity Loans
E14000581,01 April 2013,30 September 2019,0,Total Equity Loans
E14000725,01 April 2013,30 September 2019,0,Total Equity Loans
E14001033,01 April 2013,30 September 2019,0,Total Equity Loans
E14000963,01 April 2013,30 September 2019,0,Total Equity Loans
E14000943,01 April 2013,30 September 2019,0,Total Equity Loans
E14000825,01 April 2013,30 September 2019,0,Total Equity Loans
E14001037,01 April 2013,30 September 2019,0,Total Equity Loans
E14000543,01 April 2013,30 September 2019,0,Total Equity Loans
E14000792,01 April 2013,30 September 2019,0,Total Equity Loans
E14000929,01 April 2013,30 September 2019,0,Total Equity Loans
E14000582,01 April 2013,30 September 2019,0,Total Equity Loans
E14000777,01 April 2013,30 September 2019,0,Total Equity Loans
E14000781,01 April 2013,30 September 2019,0,Total Equity Loans
E14000778,01 April 2013,30 September 2019,0,Total Equity Loans
E14000689,01 April 2013,30 September 2019,0,Total Equity Loans
E14000780,01 April 2013,30 September 2019,0,Total Equity Loans
E14000779,01 April 2013,30 September 2019,0,Total Equity Loans
E14000813,01 April 2013,30 September 2019,0,Total Equity Loans
E14000807,01 April 2013,30 September 2019,0,Total Equity Loans
E14000571,01 April 2013,30 September 2019,0,Total Equity Loans
E14000871,01 April 2013,30 September 2019,0,Total Equity Loans
E14000537,01 April 2013,30 September 2019,0,Total Equity Loans
E14000979,01 April 2013,30 September 2019,0,Total Equity Loans
E14000661,01 April 2013,30 September 2019,0,Total Equity Loans
E14000911,01 April 2013,30 September 2019,0,Total Equity Loans
E14000969,01 April 2013,30 September 2019,0,Total Equity Loans
E14001059,01 April 2013,30 September 2019,0,Total Equity Loans
E14000627,01 April 2013,30 September 2019,0,Total Equity Loans
E14000532,01 April 2013,30 September 2019,0,Total Equity Loans
E14000785,01 April 2013,30 September 2019,0,Total Equity Loans
E14000898,01 April 2013,30 September 2019,0,Total Equity Loans
E14000927,01 April 2013,30 September 2019,0,Total Equity Loans
E14000804,01 April 2013,30 September 2019,0,Total Equity Loans
E14000997,01 April 2013,30 September 2019,0,Total Equity Loans
E14000711,01 April 2013,30 September 2019,0,Total Equity Loans
E14000822,01 April 2013,30 September 2019,0,Total Equity Loans
E14000821,01 April 2013,30 September 2019,0,Total Equity Loans
E14000942,01 April 2013,30 September 2019,0,Total Equity Loans
E14000552,01 April 2013,30 September 2019,0,Total Equity Loans
E14000841,01 April 2013,30 September 2019,0,Total Equity Loans
E14000831,01 April 2013,30 September 2019,0,Total Equity Loans
E14000832,01 April 2013,30 September 2019,0,Total Equity Loans
E14000765,01 April 2013,30 September 2019,0,Total Equity Loans
E14000853,01 April 2013,30 September 2019,0,Total Equity Loans
E14001006,01 April 2013,30 September 2019,0,Total Equity Loans
E14000833,01 April 2013,30 September 2019,0,Total Equity Loans
E14001014,01 April 2013,30 September 2019,0,Total Equity Loans
E14000575,01 April 2013,30 September 2019,0,Total Equity Loans
E14000944,01 April 2013,30 September 2019,0,Total Equity Loans
E14000865,01 April 2013,30 September 2019,0,Total Equity Loans
E14000867,01 April 2013,30 September 2019,0,Total Equity Loans
E14000810,01 April 2013,30 September 2019,0,Total Equity Loans
E14000714,01 April 2013,30 September 2019,0,Total Equity Loans
E14000710,01 April 2013,30 September 2019,0,Total Equity Loans
E14000924,01 April 2013,30 September 2019,0,Total Equity Loans
E14000866,01 April 2013,30 September 2019,0,Total Equity Loans
E14000862,01 April 2013,30 September 2019,0,Total Equity Loans
E14000861,01 April 2013,30 September 2019,0,Total Equity Loans
E14001025,01 April 2013,30 September 2019,0,Total Equity Loans
E14000864,01 April 2013,30 September 2019,0,Total Equity Loans
E14000863,01 April 2013,30 September 2019,0,Total Equity Loans
E14000603,01 April 2013,30 September 2019,0,Total Equity Loans
E14000848,01 April 2013,30 September 2019,0,Total Equity Loans
E14000717,01 April 2013,30 September 2019,0,Total Equity Loans
E14000859,01 April 2013,30 September 2019,0,Total Equity Loans
E14001036,01 April 2013,30 September 2019,0,Total Equity Loans
E14000726,01 April 2013,30 September 2019,0,Total Equity Loans
E14000768,01 April 2013,30 September 2019,0,Total Equity Loans
E14000870,01 April 2013,30 September 2019,0,Total Equity Loans
E14000897,01 April 2013,30 September 2019,0,Total Equity Loans
E14000967,01 April 2013,30 September 2019,0,Total Equity Loans
E14000874,01 April 2013,30 September 2019,0,Total Equity Loans
E14000873,01 April 2013,30 September 2019,0,Total Equity Loans
E14000830,01 April 2013,30 September 2019,0,Total Equity Loans
E14000855,01 April 2013,30 September 2019,0,Total Equity Loans
E14000939,01 April 2013,30 September 2019,0,Total Equity Loans
E14000950,01 April 2013,30 September 2019,0,Total Equity Loans
E14000938,01 April 2013,30 September 2019,0,Total Equity Loans
E14001001,01 April 2013,30 September 2019,0,Total Equity Loans
E14000961,01 April 2013,30 September 2019,0,Total Equity Loans
E14001003,01 April 2013,30 September 2019,0,Total Equity Loans
E14000884,01 April 2013,30 September 2019,0,Total Equity Loans
E14000883,01 April 2013,30 September 2019,0,Total Equity Loans
E14000736,01 April 2013,30 September 2019,0,Total Equity Loans
E14000713,01 April 2013,30 September 2019,0,Total Equity Loans
E14000699,01 April 2013,30 September 2019,0,Total Equity Loans
E14000762,01 April 2013,30 September 2019,0,Total Equity Loans
E14000885,01 April 2013,30 September 2019,0,Total Equity Loans
E14000958,01 April 2013,30 September 2019,0,Total Equity Loans
E14000889,01 April 2013,30 September 2019,0,Total Equity Loans
E14000890,01 April 2013,30 September 2019,0,Total Equity Loans
E14001048,01 April 2013,30 September 2019,0,Total Equity Loans
E14000803,01 April 2013,30 September 2019,0,Total Equity Loans
E14000857,01 April 2013,30 September 2019,0,Total Equity Loans
E14000665,01 April 2013,30 September 2019,0,Total Equity Loans
E14000545,01 April 2013,30 September 2019,0,Total Equity Loans
E14000901,01 April 2013,30 September 2019,0,Total Equity Loans
E14000652,01 April 2013,30 September 2019,0,Total Equity Loans
E14000753,01 April 2013,30 September 2019,0,Total Equity Loans
E14000900,01 April 2013,30 September 2019,0,Total Equity Loans
E14000657,01 April 2013,30 September 2019,0,Total Equity Loans
E14000995,01 April 2013,30 September 2019,0,Total Equity Loans
E14000919,01 April 2013,30 September 2019,0,Total Equity Loans
E14000920,01 April 2013,30 September 2019,0,Total Equity Loans
E14000748,01 April 2013,30 September 2019,0,Total Equity Loans
E14000904,01 April 2013,30 September 2019,0,Total Equity Loans
E14000632,01 April 2013,30 September 2019,0,Total Equity Loans
E14000542,01 April 2013,30 September 2019,0,Total Equity Loans
E14000541,01 April 2013,30 September 2019,0,Total Equity Loans
E14000740,01 April 2013,30 September 2019,0,Total Equity Loans
E14001009,01 April 2013,30 September 2019,0,Total Equity Loans
E14000553,01 April 2013,30 September 2019,0,Total Equity Loans
E14000615,01 April 2013,30 September 2019,0,Total Equity Loans
E14001008,01 April 2013,30 September 2019,0,Total Equity Loans
E14000718,01 April 2013,30 September 2019,0,Total Equity Loans
E14000673,01 April 2013,30 September 2019,0,Total Equity Loans
E14000738,01 April 2013,30 September 2019,0,Total Equity Loans
E14000930,01 April 2013,30 September 2019,0,Total Equity Loans
E14000947,01 April 2013,30 September 2019,0,Total Equity Loans
E14000851,01 April 2013,30 September 2019,0,Total Equity Loans
E14000685,01 April 2013,30 September 2019,0,Total Equity Loans
E14001041,01 April 2013,30 September 2019,0,Total Equity Loans
E14000982,01 April 2013,30 September 2019,0,Total Equity Loans
E14000957,01 April 2013,30 September 2019,0,Total Equity Loans
E14000899,01 April 2013,30 September 2019,0,Total Equity Loans
E14000888,01 April 2013,30 September 2019,0,Total Equity Loans
E14000622,01 April 2013,30 September 2019,0,Total Equity Loans
E14000629,01 April 2013,30 September 2019,0,Total Equity Loans
E14000549,01 April 2013,30 September 2019,0,Total Equity Loans
E14000998,01 April 2013,30 September 2019,0,Total Equity Loans
E14000701,01 April 2013,30 September 2019,0,Total Equity Loans
E14000887,01 April 2013,30 September 2019,0,Total Equity Loans
E14000926,01 April 2013,30 September 2019,0,Total Equity Loans
E14000989,01 April 2013,30 September 2019,0,Total Equity Loans
E14001004,01 April 2013,30 September 2019,0,Total Equity Loans
E14000735,01 April 2013,30 September 2019,0,Total Equity Loans
E14000999,01 April 2013,30 September 2019,0,Total Equity Loans
E14000616,01 April 2013,30 September 2019,0,Total Equity Loans
E14000964,01 April 2013,30 September 2019,0,Total Equity Loans
E14000819,01 April 2013,30 September 2019,0,Total Equity Loans
E14000891,01 April 2013,30 September 2019,0,Total Equity Loans
E14000820,01 April 2013,30 September 2019,0,Total Equity Loans
E14000913,01 April 2013,30 September 2019,0,Total Equity Loans
E14000971,01 April 2013,30 September 2019,0,Total Equity Loans
E14000733,01 April 2013,30 September 2019,0,Total Equity Loans
E14000593,01 April 2013,30 September 2019,0,Total Equity Loans
E14000737,01 April 2013,30 September 2019,0,Total Equity Loans
E14001018,01 April 2013,30 September 2019,0,Total Equity Loans
E14001017,01 April 2013,30 September 2019,0,Total Equity Loans
E14000962,01 April 2013,30 September 2019,0,Total Equity Loans
E14000805,01 April 2013,30 September 2019,0,Total Equity Loans
E14001039,01 April 2013,30 September 2019,0,Total Equity Loans
E14001052,01 April 2013,30 September 2019,0,Total Equity Loans
E14000618,01 April 2013,30 September 2019,0,Total Equity Loans
E14001011,01 April 2013,30 September 2019,0,Total Equity Loans
E14001051,01 April 2013,30 September 2019,0,Total Equity Loans
E14001049,01 April 2013,30 September 2019,0,Total Equity Loans
E14001061,01 April 2013,30 September 2019,0,Total Equity Loans
E14001062,01 April 2013,30 September 2019,0,Total Equity Loans